return-average,return-min,return-max,return-std,episode-length-avg,episode-length-min,episode-length-max,episode-length-std,AverageForwardProgress,MaxForwardProgress,MinForwardProgress,StdForwardProgress,qf-avg,qf-std,mean-sq-bellman-error,time-train,time-eval,time-sample,time-total,epoch,max-path-return,last-path-return,pool-size,episodes,total-samples
-5.361445911080496,-5.361445911080496,-5.361445911080496,0.0,1000.0,1000,1000,0.0,-0.2547430257184953,-0.2547430257184953,-0.2547430257184953,0.0,0.16398923,0.06296627,2.1992311,0.10920236600009048,0.9213078839999298,1.0265416029999415,2.0993798269998933,0,-13.33336394739805,-13.33336394739805,1000,1,1000
-8.200208443155727,-8.200208443155727,-8.200208443155727,0.0,1000.0,1000,1000,0.0,-0.3105645875468843,-0.3105645875468843,-0.3105645875468843,0.0,1.039632,1.6921389,0.4136263,22.547771641998793,1.3884853569999223,1.2335941619995765,27.27988649599797,1,5.136644639761025,5.136644639761025,2000,2,2000
11.703278397571708,11.703278397571708,11.703278397571708,0.0,1000.0,1000,1000,0.0,0.6933282939696815,0.6933282939696815,0.6933282939696815,0.0,3.7478962,3.4180787,0.29842207,23.301403104000656,1.4506295539999883,1.2729079159980756,53.31787009499669,2,11.359975880766486,11.359975880766486,3000,3,3000
8.266754342705902,8.266754342705902,8.266754342705902,0.0,1000.0,1000,1000,0.0,0.5041919548302641,0.5041919548302641,0.5041919548302641,0.0,6.7479296,5.577649,0.3650437,24.469434170999307,0.9830823209999835,1.318161559997634,80.09901686199373,3,17.492225218051047,17.492225218051047,4000,4,4000
0.3682781454671427,0.3682781454671427,0.3682781454671427,0.0,1000.0,1000,1000,0.0,0.10505622664305961,0.10505622664305961,0.10505622664305961,0.0,8.826976,6.4083667,0.3842698,22.68934040099748,1.0647060989999773,1.2430693650009061,105.10761038999192,4,17.492225218051047,5.292815450055873,5000,5,5000
2.4976771687588633,2.4976771687588633,2.4976771687588633,0.0,1000.0,1000,1000,0.0,0.22009707630502315,0.22009707630502315,0.22009707630502315,0.0,11.071736,7.4574885,0.6186647,23.610094598000956,1.0574756470000466,1.2795927990026712,131.06452353099553,5,17.492225218051047,3.8100782299129867,6000,6,6000
2.1235413749780427,2.1235413749780427,2.1235413749780427,0.0,1000.0,1000,1000,0.0,0.2005363687568801,0.2005363687568801,0.2005363687568801,0.0,12.088988,8.138433,0.68715465,24.155890447000502,1.6898687300000574,1.294002368999145,158.22022120199506,6,17.492225218051047,1.3014791500659695,7000,7,7000
6.98701600163103,6.98701600163103,6.98701600163103,0.0,1000.0,1000,1000,0.0,0.4401793334713518,0.4401793334713518,0.4401793334713518,0.0,15.4526825,9.296034,0.7408477,23.17343259200004,1.5410173029999896,1.2732287720010618,184.22408442599647,7,17.492225218051047,10.569438029329316,8000,8,8000
7.440098699911623,7.440098699911623,7.440098699911623,0.0,1000.0,1000,1000,0.0,0.4698735179950429,0.4698735179950429,0.4698735179950429,0.0,14.015354,10.558509,0.7249453,22.834436603001222,1.3199282229999199,1.248128491002376,209.63981919399987,8,17.492225218051047,0.7048116180144017,9000,9,9000
-3.7275015294283596,-3.7275015294283596,-3.7275015294283596,0.0,1000.0,1000,1000,0.0,-0.10356484831141784,-0.10356484831141784,-0.10356484831141784,0.0,19.158173,11.150113,0.79692805,23.919451985999558,1.1220344339999428,1.284933726998588,235.977296051998,9,17.492225218051047,5.043906554198864,10000,10,10000
7.527926155038191,7.527926155038191,7.527926155038191,0.0,1000.0,1000,1000,0.0,0.4962376861003338,0.4962376861003338,0.4962376861003338,0.0,22.015,12.400315,0.96468276,22.974732143994743,1.5377866170001653,1.2508408319934006,261.7522533329866,10,17.492225218051047,9.19746327234213,11000,11,11000
6.420980623793182,6.420980623793182,6.420980623793182,0.0,1000.0,1000,1000,0.0,0.4199466324209094,0.4199466324209094,0.4199466324209094,0.0,22.0196,13.338998,0.7724839,23.951564538997445,1.1218636679998326,1.3067040509990875,288.142490956983,11,17.492225218051047,6.971032715139039,12000,12,12000
-13.693052586027681,-13.693052586027681,-13.693052586027681,0.0,1000.0,1000,1000,0.0,-0.5223992149456153,-0.5223992149456153,-0.5223992149456153,0.0,26.203644,16.44313,0.9984704,23.72169228200073,1.6616387980000127,1.286632968999129,314.8295287979822,12,17.492225218051047,1.9828851077769505,13000,13,13000
5.98844690355183,5.98844690355183,5.98844690355183,0.0,1000.0,1000,1000,0.0,0.39512888308808963,0.39512888308808963,0.39512888308808963,0.0,25.874052,17.236324,1.0981908,22.628876452003624,1.5289506420001544,1.249755906002747,340.24987018798925,13,17.492225218051047,2.4952663898309773,14000,14,14000
5.868116204964445,5.868116204964445,5.868116204964445,0.0,1000.0,1000,1000,0.0,0.38698571169172635,0.38698571169172635,0.38698571169172635,0.0,27.271137,20.68127,1.1259573,22.627361486993777,1.5602913669999907,1.2460520640049708,365.69360322498756,14,17.492225218051047,7.374428689082224,15000,15,15000
5.585385731583139,5.585385731583139,5.585385731583139,0.0,1000.0,1000,1000,0.0,0.3688527622925169,0.3688527622925169,0.3688527622925169,0.0,26.318598,16.25653,1.1337858,23.370929304002857,0.9380710129998988,1.2833740940041025,391.2957081439945,15,17.492225218051047,6.729820671382488,16000,16,16000
2.6616206817654713,2.6616206817654713,2.6616206817654713,0.0,1000.0,1000,1000,0.0,0.2201640525870696,0.2201640525870696,0.2201640525870696,0.0,33.214615,21.470274,2.4381623,22.86056251399964,1.0556372220000867,1.2567939129967272,416.47835912499136,16,17.492225218051047,7.761863825610794,17000,17,17000
3.6807108860629203,3.6807108860629203,3.6807108860629203,0.0,1000.0,1000,1000,0.0,0.2758643807535473,0.2758643807535473,0.2758643807535473,0.0,38.76612,26.28527,1.6444488,22.88343907999706,1.2869833940001172,1.2574250649972782,441.91776074398626,17,17.492225218051047,5.699578004396484,18000,18,18000
-8.246205816423902,-8.246205816423902,-8.246205816423902,0.0,1000.0,1000,1000,0.0,-0.21242173916122808,-0.21242173916122808,-0.21242173916122808,0.0,33.882935,27.733528,2.5158672,23.17406365700299,1.479792130000078,1.2818336489954163,467.86777302898463,18,17.492225218051047,-8.055276550624857,19000,19,19000
0.41029734579135546,0.41029734579135546,0.41029734579135546,0.0,1000.0,1000,1000,0.0,0.11222237252790074,0.11222237252790074,0.11222237252790074,0.0,35.91008,27.944468,2.350139,22.877827311002648,1.2076938749999044,1.2567074789999424,493.224732830987,19,17.492225218051047,8.771726745807477,20000,20,20000
6.271610390474314,6.271610390474314,6.271610390474314,0.0,1000.0,1000,1000,0.0,0.4197196237111504,0.4197196237111504,0.4197196237111504,0.0,38.20226,25.354717,1.7616311,23.64796383199996,1.0732639220000237,1.3020358480005143,519.2601190669873,20,17.492225218051047,-4.247364425678552,21000,21,21000
10.542499484539894,10.542499484539894,10.542499484539894,0.0,1000.0,1000,1000,0.0,0.640031547008928,0.640031547008928,0.640031547008928,0.0,42.364937,28.2603,2.4214654,22.86853585499739,1.3496974639999735,1.2590541119991485,544.7481471009839,21,17.492225218051047,8.461279418328292,22000,22,22000
9.17553905526218,9.17553905526218,9.17553905526218,0.0,1000.0,1000,1000,0.0,0.5714101065395887,0.5714101065395887,0.5714101065395887,0.0,49.067093,39.98704,2.3604321,23.074797420995537,1.0758913729998767,1.2792612770001597,570.1877756599795,22,17.492225218051047,11.870740475249013,23000,23,23000
7.537513301537018,7.537513301537018,7.537513301537018,0.0,1000.0,1000,1000,0.0,0.503026632274769,0.503026632274769,0.503026632274769,0.0,45.61976,35.592102,1.2991011,22.74325705300248,1.3588764189998983,1.250131399994416,595.5536594489761,23,17.492225218051047,7.941116691677204,24000,24,24000
11.4089033672866,11.4089033672866,11.4089033672866,0.0,1000.0,1000,1000,0.0,0.6834679729083324,0.6834679729083324,0.6834679729083324,0.0,47.56309,35.074177,2.848546,22.720132663002687,1.402621360000012,1.2606024549993435,620.9488261099787,24,17.492225218051047,-6.2888029978810405,25000,25,25000
5.50771333151461,5.50771333151461,5.50771333151461,0.0,1000.0,1000,1000,0.0,0.38774894896891304,0.38774894896891304,0.38774894896891304,0.0,63.16533,55.69635,4.680893,24.25522720199524,1.2821643289998974,1.329937571999153,647.825943883973,25,17.492225218051047,12.842085025679415,26000,26,26000
-1.7303260305732635,-1.7303260305732635,-1.7303260305732635,0.0,1000.0,1000,1000,0.0,0.02966633628004577,0.02966633628004577,0.02966633628004577,0.0,66.79815,49.801662,4.3517213,23.217951400992888,1.1153986539998186,1.2778204739995545,673.4467514899652,26,17.492225218051047,6.19151417217482,27000,27,27000
14.513220424814905,14.513220424814905,14.513220424814905,0.0,1000.0,1000,1000,0.0,0.8570185528503061,0.8570185528503061,0.8570185528503061,0.0,75.667244,49.072784,1.9302506,22.971448286996065,1.2821620220001932,1.2614856379959747,698.9736842079571,27,18.57382016534821,18.57382016534821,28000,28,28000
15.483308714684185,15.483308714684185,15.483308714684185,0.0,1000.0,1000,1000,0.0,0.8801099579009961,0.8801099579009961,0.8801099579009961,0.0,72.10651,50.677795,4.3816032,23.20840308999982,0.9623020740000356,1.2913436320018263,724.445655094959,28,18.57382016534821,-4.226475730625076,29000,29,29000
-3.004793132612173,-3.004793132612173,-3.004793132612173,0.0,1000.0,1000,1000,0.0,-0.06102591239020268,-0.06102591239020268,-0.06102591239020268,0.0,73.79065,51.163727,2.7975025,23.240172113003837,1.2264945360000183,1.2802570520004792,750.2054444259632,29,20.042471947645375,20.042471947645375,30000,30,30000
13.1530055359387,13.1530055359387,13.1530055359387,0.0,1000.0,1000,1000,0.0,0.8286352048865726,0.8286352048865726,0.8286352048865726,0.0,78.6134,49.264,5.7348676,23.313718639994704,1.2432325949998813,1.2781594500011124,776.050674893959,30,20.042471947645375,0.9534626008489351,31000,31,31000
14.299887687519448,14.299887687519448,14.299887687519448,0.0,1000.0,1000,1000,0.0,0.8172695218770948,0.8172695218770948,0.8172695218770948,0.0,87.082504,49.677193,2.7393048,23.702373680998335,0.8846575439999924,1.3054460749974623,801.9535117849546,31,20.042471947645375,16.669968551239016,32000,32,32000
15.391361539351378,15.391361539351378,15.391361539351378,0.0,1000.0,1000,1000,0.0,0.8931064784738343,0.8931064784738343,0.8931064784738343,0.0,91.64639,50.26323,4.5250716,22.705763811000907,1.2217794270000013,1.251210154001683,827.1445513909573,32,20.042471947645375,17.8473876376133,33000,33,33000
14.396467146844662,14.396467146844662,14.396467146844662,0.0,1000.0,1000,1000,0.0,0.8283407130629152,0.8283407130629152,0.8283407130629152,0.0,106.44885,57.077583,3.807026,23.121730229000605,1.0861264810000648,1.2666692049951962,852.629175942953,33,20.042471947645375,14.287735616749547,34000,34,34000
10.900028442409326,10.900028442409326,10.900028442409326,0.0,1000.0,1000,1000,0.0,0.6519190229159921,0.6519190229159921,0.6519190229159921,0.0,106.83025,53.1092,8.487148,24.329541662998736,0.9852634369999578,1.3287431349995131,879.2828912609511,34,20.042471947645375,16.1808617156654,35000,35,35000
14.625946021808435,14.625946021808435,14.625946021808435,0.0,1000.0,1000,1000,0.0,0.8640516867138486,0.8640516867138486,0.8640516867138486,0.0,120.08535,51.485947,5.983103,22.908095663998893,1.2101664199999504,1.2703976949978824,904.6842893799476,35,20.042471947645375,14.860860812501901,36000,36,36000
10.633461091902065,10.633461091902065,10.633461091902065,0.0,1000.0,1000,1000,0.0,0.6561437605454291,0.6561437605454291,0.6561437605454291,0.0,124.70683,49.936165,6.8402834,22.921631609995757,1.1170148819999213,1.2566755130044385,929.9897397939474,36,20.042471947645375,11.746701752439288,37000,37,37000
16.55663132861942,16.55663132861942,16.55663132861942,0.0,1000.0,1000,1000,0.0,0.9650250682827247,0.9650250682827247,0.9650250682827247,0.0,123.2184,49.790417,3.700585,22.67202634600153,1.2119551649998357,1.2555068299975574,955.1386812859464,37,20.042471947645375,14.234563854622262,38000,38,38000
12.970038118207864,12.970038118207864,12.970038118207864,0.0,1000.0,1000,1000,0.0,0.7734757984979335,0.7734757984979335,0.7734757984979335,0.0,133.03041,51.61332,5.076888,22.78057530400065,1.3800353510000605,1.2603162180009804,980.5740365509482,38,20.042471947645375,14.490537658773468,39000,39,39000
13.5585827800443,13.5585827800443,13.5585827800443,0.0,1000.0,1000,1000,0.0,0.8207781127641636,0.8207781127641636,0.8207781127641636,0.0,135.54544,49.720333,4.783001,22.61013826400108,1.3952962060000118,1.2476642940036982,1005.839731534953,39,20.042471947645375,11.454952249886837,40000,40,40000
19.163084742202518,19.163084742202518,19.163084742202518,0.0,1000.0,1000,1000,0.0,1.0895396514149964,1.0895396514149964,1.0895396514149964,0.0,141.52704,52.944298,3.3655682,22.591004266998652,1.3919058090000362,1.2597731630057751,1031.0928997679575,40,20.042471947645375,15.235980677374505,41000,41,41000
21.883645688415132,21.883645688415132,21.883645688415132,0.0,1000.0,1000,1000,0.0,1.199056367394887,1.199056367394887,1.199056367394887,0.0,145.60498,56.675747,8.726255,22.592369199999666,1.0920380079999177,1.2491223920017092,1056.0359563259585,41,20.042471947645375,16.799214341813016,42000,42,42000
26.699686436168566,26.699686436168566,26.699686436168566,0.0,1000.0,1000,1000,0.0,1.479142564228212,1.479142564228212,1.479142564228212,0.0,160.757,58.921402,4.7155643,23.14258625700404,1.5953887629998462,1.2823601680036063,1082.068173921966,42,20.042471947645375,18.55326210543687,43000,43,43000
15.776086485656442,15.776086485656442,15.776086485656442,0.0,1000.0,1000,1000,0.0,0.9219053732322353,0.9219053732322353,0.9219053732322353,0.0,154.65039,55.734825,9.255554,22.61746785900027,1.3959129800000483,1.2495083639998938,1107.346081557966,43,20.182471050731074,20.182471050731074,44000,44,44000
17.988616977155623,17.988616977155623,17.988616977155623,0.0,1000.0,1000,1000,0.0,1.0307244623999088,1.0307244623999088,1.0307244623999088,0.0,165.54208,56.42278,5.820533,22.69108085399921,1.2545099919998393,1.2554427220011348,1132.5587479949659,44,20.82275636830927,20.82275636830927,45000,45,45000
25.40263111098749,25.40263111098749,25.40263111098749,0.0,1000.0,1000,1000,0.0,1.40418094823395,1.40418094823395,1.40418094823395,0.0,159.61368,50.76064,7.244575,22.626962658997172,1.4747753359999933,1.2498999519968947,1157.9240405159599,45,26.259742405474384,26.259742405474384,46000,46,46000
24.4977746516134,24.4977746516134,24.4977746516134,0.0,1000.0,1000,1000,0.0,1.3469625862710715,1.3469625862710715,1.3469625862710715,0.0,174.58618,58.238693,11.283821,22.60452012300084,1.021782696000173,1.250565297999401,1182.8114704449604,46,31.83308534608547,31.83308534608547,47000,47,47000
40.126612235601435,40.126612235601435,40.126612235601435,0.0,1000.0,1000,1000,0.0,2.1465352421355033,2.1465352421355033,2.1465352421355033,0.0,173.43584,60.154892,4.9931526,22.592843392997793,1.2132769749998715,1.2431880290007484,1207.8736752739587,47,31.83308534608547,28.952053738587637,48000,48,48000
34.885111691684784,34.885111691684784,34.885111691684784,0.0,1000.0,1000,1000,0.0,1.8806861672786515,1.8806861672786515,1.8806861672786515,0.0,190.19121,56.674557,6.5925503,22.576331799994477,2.0527269419999357,1.2468532480011163,1233.7609332409543,48,32.548198785978116,32.548198785978116,49000,49,49000
38.31149625441878,38.31149625441878,38.31149625441878,0.0,1000.0,1000,1000,0.0,2.046518270247715,2.046518270247715,2.046518270247715,0.0,188.19104,54.269657,5.0199933,22.57909430499967,0.8792218610001328,1.2471155570042356,1258.4762372459584,49,32.548198785978116,31.23332186194861,50000,50,50000
26.334906879047505,26.334906879047505,26.334906879047505,0.0,1000.0,1000,1000,0.0,1.467548909935802,1.467548909935802,1.467548909935802,0.0,191.39876,62.166748,3.9956427,22.58623311401243,1.4848547139999937,1.2475659510073456,1283.8063787919784,50,32.548198785978116,31.917166664039065,51000,51,51000
38.7130953378,38.7130953378,38.7130953378,0.0,1000.0,1000,1000,0.0,2.084237405183582,2.084237405183582,2.084237405183582,0.0,200.98053,58.180748,6.304881,22.567123723006716,1.2959137980001287,1.2471778819954125,1308.9286975579814,51,32.548198785978116,27.89640740824524,52000,52,52000
35.82015960128887,35.82015960128887,35.82015960128887,0.0,1000.0,1000,1000,0.0,1.9159901291136752,1.9159901291136752,1.9159901291136752,0.0,200.30624,63.071297,6.4481997,22.800556481994136,1.2831380949996856,1.262413712012858,1334.2880548019873,52,32.548198785978116,30.547547964764497,53000,53,53000
36.962086521771226,36.962086521771226,36.962086521771226,0.0,1000.0,1000,1000,0.0,1.972745449537372,1.972745449537372,1.972745449537372,0.0,203.85706,55.332516,10.521905,22.84772466100958,1.2752926650000518,1.2582360469982632,1359.6808661059947,53,32.548198785978116,28.64784041224788,54000,54,54000
34.247689603015594,34.247689603015594,34.247689603015594,0.0,1000.0,1000,1000,0.0,1.830751662839552,1.830751662839552,1.830751662839552,0.0,215.39027,58.614914,6.6911497,22.867941709996103,1.3481234999999288,1.258651916996314,1385.1693085329873,54,32.548198785978116,28.187200453506662,55000,55,55000
15.19139298454867,15.19139298454867,15.19139298454867,0.0,1000.0,1000,1000,0.0,0.8906898802124502,0.8906898802124502,0.8906898802124502,0.0,216.02722,60.11246,4.715234,22.78095337600371,1.3683068089999324,1.2515819879977244,1410.5803179419884,55,32.548198785978116,29.289220739558328,56000,56,56000
8.509106394592504,8.509106394592504,8.509106394592504,0.0,1000.0,1000,1000,0.0,0.5371443424345984,0.5371443424345984,0.5371443424345984,0.0,222.6495,59.521343,4.6204767,22.855452272990988,1.3752224869999736,1.245662196991816,1436.068500431971,56,32.548198785978116,25.251856177733053,57000,57,57000
10.569694708064693,10.569694708064693,10.569694708064693,0.0,1000.0,1000,1000,0.0,0.6727310962437856,0.6727310962437856,0.6727310962437856,0.0,231.76385,68.0723,5.1201963,23.05081061699957,1.3817050139996354,1.2512710060041172,1461.7666705489744,57,32.548198785978116,6.419097614960303,58000,58,58000
10.823409446694498,10.823409446694498,10.823409446694498,0.0,1000.0,1000,1000,0.0,0.696875323940006,0.696875323940006,0.696875323940006,0.0,228.22046,72.75583,5.0450172,23.70318365700041,0.9039001759997518,1.282341274004466,1487.666484396979,58,32.548198785978116,10.628495666585184,59000,59,59000
8.035380175392216,8.035380175392216,8.035380175392216,0.0,1000.0,1000,1000,0.0,0.5195937971905117,0.5195937971905117,0.5195937971905117,0.0,239.87985,67.15176,14.961941,23.31427319300792,1.0632486949998565,1.2604215599967574,1513.3158009409829,59,32.548198785978116,12.044762475056544,60000,60,60000
12.742657575706957,12.742657575706957,12.742657575706957,0.0,1000.0,1000,1000,0.0,0.7599581040871022,0.7599581040871022,0.7599581040871022,0.0,241.84581,67.45101,8.450815,23.93496570699699,1.2794439849999435,1.2987436350058488,1539.8396108709865,60,32.548198785978116,12.454376239938364,61000,61,61000
12.092479087570196,12.092479087570196,12.092479087570196,0.0,1000.0,1000,1000,0.0,0.7204186700538114,0.7204186700538114,0.7204186700538114,0.0,250.35397,63.96844,8.588179,23.345119853006054,1.1938832440000624,1.2745982499982347,1565.6656900659912,61,32.548198785978116,6.655485677119656,62000,62,62000
15.251335692392152,15.251335692392152,15.251335692392152,0.0,1000.0,1000,1000,0.0,0.8862382986099421,0.8862382986099421,0.8862382986099421,0.0,250.16635,66.032486,9.085009,22.952538329001527,1.377216062000116,1.2557068229930337,1591.2650075119852,62,32.548198785978116,10.86093562433849,63000,63,63000
13.19446859225672,13.19446859225672,13.19446859225672,0.0,1000.0,1000,1000,0.0,0.7862970252994519,0.7862970252994519,0.7862970252994519,0.0,256.42078,67.05963,8.880283,23.152414838998993,0.9238402309997582,1.2641706459939996,1616.6152975149782,63,32.548198785978116,15.34013400879928,64000,64,64000
15.845851313167563,15.845851313167563,15.845851313167563,0.0,1000.0,1000,1000,0.0,0.9419506969502123,0.9419506969502123,0.9419506969502123,0.0,263.54935,69.92816,9.067081,23.156082924001566,1.26721833900001,1.2715578619972803,1642.3208731889774,64,32.548198785978116,12.839390282383,65000,65,65000
15.557757498990693,15.557757498990693,15.557757498990693,0.0,1000.0,1000,1000,0.0,0.9311822115653833,0.9311822115653833,0.9311822115653833,0.0,270.4762,72.37626,9.1579895,24.03970052899149,1.1978296590000355,1.3261143300032927,1668.8954344869715,65,32.548198785978116,11.413634308341313,66000,66,66000
12.674288628331631,12.674288628331631,12.674288628331631,0.0,1000.0,1000,1000,0.0,0.7760843049592194,0.7760843049592194,0.7760843049592194,0.0,276.12506,68.52006,8.570611,23.452383599000314,1.1034294119999686,1.2893839279977328,1694.7506589179695,66,32.548198785978116,9.244776468493177,67000,67,67000
10.42152681620513,10.42152681620513,10.42152681620513,0.0,1000.0,1000,1000,0.0,0.6631233008411528,0.6631233008411528,0.6631233008411528,0.0,286.31226,67.89683,9.6741295,23.343140722005955,1.468022576000294,1.2951946410021264,1720.871597701978,67,32.548198785978116,13.145080937835449,68000,68,68000
14.544454750918879,14.544454750918879,14.544454750918879,0.0,1000.0,1000,1000,0.0,0.8788521645959235,0.8788521645959235,0.8788521645959235,0.0,295.40198,64.45173,7.165566,23.42169990999355,1.1884258710001632,1.3021335030039154,1746.7981286299766,68,32.548198785978116,20.302127903956954,69000,69,69000
21.500638593525643,21.500638593525643,21.500638593525643,0.0,1000.0,1000,1000,0.0,1.2115303873646035,1.2115303873646035,1.2115303873646035,0.0,297.66516,67.065,11.287933,23.35671913899887,1.0829090560000623,1.311062694991051,1772.5607687379668,69,32.548198785978116,26.78008678919244,70000,70,70000
34.35609587117777,34.35609587117777,34.35609587117777,0.0,1000.0,1000,1000,0.0,1.8569607903309697,1.8569607903309697,1.8569607903309697,0.0,286.20538,71.70863,11.137138,23.28305926800067,1.3463297540001804,1.2975741249961175,1798.5004558039639,70,32.548198785978116,28.8370499105473,71000,71,71000
36.25821964533543,36.25821964533543,36.25821964533543,0.0,1000.0,1000,1000,0.0,1.954365586305123,1.954365586305123,1.954365586305123,0.0,304.4688,66.21239,10.188033,23.308409417010353,1.599210354999741,1.29404403199851,1824.7161531809722,71,32.548198785978116,26.472021158896574,72000,72,72000
32.78765954404203,32.78765954404203,32.78765954404203,0.0,1000.0,1000,1000,0.0,1.8367369397417794,1.8367369397417794,1.8367369397417794,0.0,309.28088,58.972916,6.954135,23.26632201499342,1.4284745609998026,1.3029728850001447,1850.7292118039657,72,32.548198785978116,30.812834563887723,73000,73,73000
26.647712391958326,26.647712391958326,26.647712391958326,0.0,1000.0,1000,1000,0.0,1.5367385500558657,1.5367385500558657,1.5367385500558657,0.0,307.44275,71.44818,8.244782,23.504602168000474,1.2103773469998487,1.3029736140124442,1876.7587861399786,73,32.548198785978116,24.596036709001147,74000,74,74000
28.366378547074632,28.366378547074632,28.366378547074632,0.0,1000.0,1000,1000,0.0,1.565211586229961,1.565211586229961,1.565211586229961,0.0,319.1388,63.550533,12.751275,23.287257887995565,1.3325116880000678,1.3079019590068128,1902.6961761959803,74,34.85427760426301,34.85427760426301,75000,75,75000
28.841221939453636,28.841221939453636,28.841221939453636,0.0,1000.0,1000,1000,0.0,1.5751126808105134,1.5751126808105134,1.5751126808105134,0.0,325.8355,74.016304,7.0495353,23.45079191199693,0.9565624189999653,1.3085911140037751,1928.421726152981,75,34.85427760426301,25.756666631084343,76000,76,76000
26.257541939757058,26.257541939757058,26.257541939757058,0.0,1000.0,1000,1000,0.0,1.45607860937064,1.45607860937064,1.45607860937064,0.0,331.91656,69.49568,9.542583,23.29351819198746,1.365643020999869,1.3054240159908659,1954.398701512959,76,34.85427760426301,30.76788591273087,77000,77,77000
15.244028145374969,15.244028145374969,15.244028145374969,0.0,1000.0,1000,1000,0.0,0.9358110699354261,0.9358110699354261,0.9358110699354261,0.0,326.6521,67.82448,10.5456505,23.46154580700204,0.9294983190002313,1.3034464029942683,1980.1034232159552,77,34.85427760426301,16.129022554067372,78000,78,78000
14.849103486265024,14.849103486265024,14.849103486265024,0.0,1000.0,1000,1000,0.0,0.9001707140051761,0.9001707140051761,0.9001707140051761,0.0,338.84247,73.27291,13.353691,23.465945033989556,1.3575799289997121,1.3158617920030338,2006.2523438849473,78,34.85427760426301,14.404308299360661,79000,79,79000
26.630488742490993,26.630488742490993,26.630488742490993,0.0,1000.0,1000,1000,0.0,1.4500059536338303,1.4500059536338303,1.4500059536338303,0.0,351.05646,70.98348,8.407623,23.53638344500041,1.2409410240002217,1.3197692690027907,2032.3622780359503,79,34.85427760426301,12.508295481141399,80000,80,80000
12.79693944501541,12.79693944501541,12.79693944501541,0.0,1000.0,1000,1000,0.0,0.8419200548610644,0.8419200548610644,0.8419200548610644,0.0,347.29303,71.91481,6.93481,23.343116748008015,1.2689847139999983,1.3124335759862333,2058.300136807945,80,34.85427760426301,16.224349287379034,81000,81,81000
26.416208617662274,26.416208617662274,26.416208617662274,0.0,1000.0,1000,1000,0.0,1.439537274568236,1.439537274568236,1.439537274568236,0.0,354.2015,83.68596,7.293855,23.318070088002514,1.3699171059997752,1.2940216289985074,2084.292728352946,81,34.85427760426301,31.26280685033265,82000,82,82000
15.395503862743436,15.395503862743436,15.395503862743436,0.0,1000.0,1000,1000,0.0,0.8813239596973454,0.8813239596973454,0.8813239596973454,0.0,361.17328,71.324974,9.247635,23.71559577600283,1.0242840420000903,1.3269187810014955,2110.3699837539507,82,34.85427760426301,15.88637229918716,83000,83,83000
26.281385226127533,26.281385226127533,26.281385226127533,0.0,1000.0,1000,1000,0.0,1.4319801688990217,1.4319801688990217,1.4319801688990217,0.0,354.38452,66.72121,12.550652,23.368993513999158,1.2804740460001085,1.3003789340100411,2136.3298665169586,83,34.85427760426301,34.001510560243695,84000,84,84000
33.27428441772512,33.27428441772512,33.27428441772512,0.0,1000.0,1000,1000,0.0,1.7779062251479167,1.7779062251479167,1.7779062251479167,0.0,353.6746,84.57312,12.784447,23.38794381001071,1.3682470210001156,1.3021681500067643,2162.3992659609776,84,34.85427760426301,18.8373138288154,85000,85,85000
17.95869074525877,17.95869074525877,17.95869074525877,0.0,1000.0,1000,1000,0.0,1.0190946191772412,1.0190946191772412,1.0190946191772412,0.0,362.89243,76.05532,7.545693,23.362471050993463,1.6061621029998605,1.2968230199949176,2188.6761400149653,85,34.85427760426301,17.45614846908216,86000,86,86000
27.000726458580274,27.000726458580274,27.000726458580274,0.0,1000.0,1000,1000,0.0,1.524047400234426,1.524047400234426,1.524047400234426,0.0,366.57562,81.52131,7.83102,23.32229259200085,1.4165337089998502,1.3025793000110752,2214.7317991329774,86,34.85427760426301,15.571671834226184,87000,87,87000
32.208090312549324,32.208090312549324,32.208090312549324,0.0,1000.0,1000,1000,0.0,1.7300019485313773,1.7300019485313773,1.7300019485313773,0.0,372.6712,68.54615,12.474703,23.429233150997334,1.1938124540001809,1.305715115003295,2240.6731034649792,87,34.85427760426301,18.14996394888931,88000,88,88000
34.55656537759128,34.55656537759128,34.55656537759128,0.0,1000.0,1000,1000,0.0,1.8377310351083525,1.8377310351083525,1.8377310351083525,0.0,383.48227,80.88364,16.867968,23.318986766999842,1.096556585000144,1.2972243150006761,2266.3972459079796,88,36.880335055462254,36.880335055462254,89000,89,89000
26.31488662584457,26.31488662584457,26.31488662584457,0.0,1000.0,1000,1000,0.0,1.4362462182732165,1.4362462182732165,1.4362462182732165,0.0,380.44147,80.30984,5.8341956,23.32639837199349,1.5443697299997439,1.3037187179920693,2292.586433542965,89,36.880335055462254,23.21205006156989,90000,90,90000
31.841852041413592,31.841852041413592,31.841852041413592,0.0,1000.0,1000,1000,0.0,1.7075320160153127,1.7075320160153127,1.7075320160153127,0.0,390.77075,70.015274,11.8480835,23.396275053999034,1.3374178529998062,1.3012237919947438,2318.6357117889593,90,36.880335055462254,24.609841407922897,91000,91,91000
23.10650973871281,23.10650973871281,23.10650973871281,0.0,1000.0,1000,1000,0.0,1.2645439719643266,1.2645439719643266,1.2645439719643266,0.0,402.77747,79.02632,15.417611,23.418996731007155,1.255853739000031,1.2931229320115563,2344.6137538349767,91,36.880335055462254,28.56978983588108,92000,92,92000
30.605400847356343,30.605400847356343,30.605400847356343,0.0,1000.0,1000,1000,0.0,1.6436683672042647,1.6436683672042647,1.6436683672042647,0.0,392.69055,76.05333,8.855574,23.399197130006087,1.6328431199999613,1.2943761099927542,2370.9516919559746,92,36.880335055462254,34.30330754139569,93000,93,93000
32.33023428293824,32.33023428293824,32.33023428293824,0.0,1000.0,1000,1000,0.0,1.7342026026600674,1.7342026026600674,1.7342026026600674,0.0,389.51996,76.081024,10.527071,23.39782605598748,0.9798214669999652,1.2988778920052937,2396.6382646579677,93,36.880335055462254,23.119545270600014,94000,94,94000
-16.580728183598076,-16.580728183598076,-16.580728183598076,0.0,1000.0,1000,1000,0.0,-0.5434295944817299,-0.5434295944817299,-0.5434295944817299,0.0,388.34598,82.00148,19.51255,24.059173813997404,1.2265156939997723,1.31829637599958,2423.2536274139648,94,36.880335055462254,29.192576798242474,95000,95,95000
21.59009121854107,21.59009121854107,21.59009121854107,0.0,1000.0,1000,1000,0.0,1.1886142350053224,1.1886142350053224,1.1886142350053224,0.0,392.55634,91.8507,8.382084,24.39297182400469,0.8904646720002347,1.3151180139984717,2449.861754622966,95,36.880335055462254,20.335611384416307,96000,96,96000
32.60336243394218,32.60336243394218,32.60336243394218,0.0,1000.0,1000,1000,0.0,1.742437317414995,1.742437317414995,1.742437317414995,0.0,405.99847,78.71636,15.991008,23.3910359159986,1.2485834250001062,1.282811734997722,2475.7946344319625,96,36.880335055462254,25.499546963025296,97000,97,97000
23.284238780626122,23.284238780626122,23.284238780626122,0.0,1000.0,1000,1000,0.0,1.2696994094381768,1.2696994094381768,1.2696994094381768,0.0,408.5797,85.39602,7.9291067,23.090067462997013,0.9453088729997035,1.2617780329937887,2501.101336737953,97,36.880335055462254,28.439448740026368,98000,98,98000
-13.611491547734259,-13.611491547734259,-13.611491547734259,0.0,1000.0,1000,1000,0.0,-0.3683728360812757,-0.3683728360812757,-0.3683728360812757,0.0,413.72287,80.831055,11.143826,23.367841291997593,1.113514466000197,1.2736302900016199,2526.867130576952,98,36.880335055462254,29.486738415819108,99000,99,99000
25.019951469581493,25.019951469581493,25.019951469581493,0.0,1000.0,1000,1000,0.0,1.3735525867356413,1.3735525867356413,1.3735525867356413,0.0,423.6437,81.422,7.1717176,22.901850527001443,1.1836228880001727,1.2528595980002137,2552.217938300955,99,36.880335055462254,29.085573451380636,100000,100,100000
28.31231168990073,28.31231168990073,28.31231168990073,0.0,1000.0,1000,1000,0.0,1.5274726114983763,1.5274726114983763,1.5274726114983763,0.0,417.73486,87.538895,8.81159,23.079380057002254,1.4611277429999063,1.2942271840029207,2578.067095353961,100,36.880335055462254,-11.319413813396919,101000,101,101000
26.61589995846632,26.61589995846632,26.61589995846632,0.0,1000.0,1000,1000,0.0,1.4540232152703967,1.4540232152703967,1.4540232152703967,0.0,415.93152,76.55352,8.813339,22.988539564000803,0.9480545829997027,1.2434876949910176,2603.2574310139526,101,36.880335055462254,30.622335392986724,102000,102,102000
24.68911467569759,24.68911467569759,24.68911467569759,0.0,1000.0,1000,1000,0.0,1.3521611282267447,1.3521611282267447,1.3521611282267447,0.0,432.2576,86.68188,8.220005,23.239270743005363,1.2530288210000435,1.2695990689981045,2629.028918574956,102,36.880335055462254,28.991867227873644,103000,103,103000
-12.238135915158024,-12.238135915158024,-12.238135915158024,0.0,1000.0,1000,1000,0.0,-0.4950598460327984,-0.4950598460327984,-0.4950598460327984,0.0,411.24478,87.868324,9.658904,22.856428048999987,1.5220041920001677,1.2565365950008527,2654.675825080957,103,36.880335055462254,18.12770365638004,104000,104,104000
25.687768838813653,25.687768838813653,25.687768838813653,0.0,1000.0,1000,1000,0.0,1.4193101212571793,1.4193101212571793,1.4193101212571793,0.0,432.33304,95.05874,12.169928,23.176348191997477,1.0202494539998952,1.2730572849850432,2680.1560682179406,104,36.880335055462254,29.44006540500327,105000,105,105000
31.471382317202952,31.471382317202952,31.471382317202952,0.0,1000.0,1000,1000,0.0,1.697344733419375,1.697344733419375,1.697344733419375,0.0,419.63077,94.51252,9.188856,23.023007209001207,1.6116562860001977,1.2712239639931795,2706.0734506659346,105,36.880335055462254,-10.105135415374502,106000,106,106000
33.4626002596964,33.4626002596964,33.4626002596964,0.0,1000.0,1000,1000,0.0,1.7841215928460903,1.7841215928460903,1.7841215928460903,0.0,442.55664,89.64696,16.582378,22.88094129800311,1.3164864790001047,1.2588193480000882,2731.542390872938,106,36.880335055462254,25.441274502887786,107000,107,107000
20.569293978968478,20.569293978968478,20.569293978968478,0.0,1000.0,1000,1000,0.0,1.1737116539219394,1.1737116539219394,1.1737116539219394,0.0,426.24573,99.657135,9.728394,22.772636743991825,1.2626904440003273,1.262618720991668,2756.8526262969226,107,36.880335055462254,20.2176546088134,108000,108,108000
27.370377926388418,27.370377926388418,27.370377926388418,0.0,1000.0,1000,1000,0.0,1.5185902474306707,1.5185902474306707,1.5185902474306707,0.0,442.27692,91.38271,11.674578,22.845515403005265,1.488634952999746,1.2585227619911166,2782.4564923069183,108,36.880335055462254,22.37891093811313,109000,109,109000
27.392779587630642,27.392779587630642,27.392779587630642,0.0,1000.0,1000,1000,0.0,1.5242060169141658,1.5242060169141658,1.5242060169141658,0.0,437.90726,99.104904,12.473118,22.911505848000616,1.229576748999989,1.2664641380060857,2807.8765054049254,109,36.880335055462254,18.79801006962864,110000,110,110000
23.173023890912468,23.173023890912468,23.173023890912468,0.0,1000.0,1000,1000,0.0,1.3419517878066007,1.3419517878066007,1.3419517878066007,0.0,439.4801,87.60297,7.747607,23.223346087997015,1.4518581739998808,1.281933195007241,2833.8475290809283,110,36.880335055462254,17.474360015037146,111000,111,111000
19.667444909310063,19.667444909310063,19.667444909310063,0.0,1000.0,1000,1000,0.0,1.103629197260203,1.103629197260203,1.103629197260203,0.0,445.30246,107.49371,13.265934,22.98789910700043,0.9288867280001796,1.2778237780103154,2859.0529286659394,111,36.880335055462254,23.44914214592936,112000,112,112000
-8.339101035880041,-8.339101035880041,-8.339101035880041,0.0,1000.0,1000,1000,0.0,-0.28789260909489267,-0.28789260909489267,-0.28789260909489267,0.0,455.9782,111.18686,14.065157,23.139855862010336,0.9352845739999793,1.2698198499970204,2884.4073757749475,112,36.880335055462254,21.474526002380248,113000,113,113000
26.610486020375163,26.610486020375163,26.610486020375163,0.0,1000.0,1000,1000,0.0,1.453652976223123,1.453652976223123,1.453652976223123,0.0,454.7175,101.18753,8.460638,23.013025680008013,1.3582518809998874,1.2638001870100197,2910.0557328049645,113,36.880335055462254,27.88416276332373,114000,114,114000
33.2906159465443,33.2906159465443,33.2906159465443,0.0,1000.0,1000,1000,0.0,1.7817930764608942,1.7817930764608942,1.7817930764608942,0.0,455.7411,99.9259,16.370178,24.058568493004714,1.2165586709998024,1.2942026750024525,2936.6382018439717,114,36.880335055462254,19.58976588803887,115000,115,115000
34.57443320524967,34.57443320524967,34.57443320524967,0.0,1000.0,1000,1000,0.0,1.8673755678626467,1.8673755678626467,1.8673755678626467,0.0,462.58063,105.11279,24.452011,22.984788154005855,1.2756566069997461,1.2601311130038084,2962.171074505982,115,36.880335055462254,30.164202285376675,116000,116,116000
23.6219329377934,23.6219329377934,23.6219329377934,0.0,1000.0,1000,1000,0.0,1.290659001178634,1.290659001178634,1.290659001178634,0.0,465.44196,110.68216,8.837367,23.68216434500937,1.100697973000024,1.2930854639912468,2988.2571901829824,116,36.880335055462254,28.57564740152569,117000,117,117000
31.529720918327115,31.529720918327115,31.529720918327115,0.0,1000.0,1000,1000,0.0,1.6925590121625511,1.6925590121625511,1.6925590121625511,0.0,466.5286,107.13541,12.619862,23.731535726993116,1.2433087540002816,1.2723498760065013,3014.514013311982,117,36.880335055462254,27.559545241389625,118000,118,118000
24.338896380596143,24.338896380596143,24.338896380596143,0.0,1000.0,1000,1000,0.0,1.3264282287961437,1.3264282287961437,1.3264282287961437,0.0,457.9948,101.243416,13.947506,23.472856029991817,1.021766795000076,1.2877046680141575,3040.3071525859878,118,36.880335055462254,33.410883135033345,119000,119,119000
38.95175697322797,38.95175697322797,38.95175697322797,0.0,1000.0,1000,1000,0.0,2.077318033787982,2.077318033787982,2.077318033787982,0.0,463.1767,96.89684,12.610247,23.26543101199877,1.1919256999999561,1.2780559530201572,3066.054867133006,119,36.880335055462254,34.80710427892011,120000,120,120000
29.31973075413986,29.31973075413986,29.31973075413986,0.0,1000.0,1000,1000,0.0,1.5735088200873704,1.5735088200873704,1.5735088200873704,0.0,473.81015,112.06524,10.959825,23.199634840000726,1.1360054249998939,1.277063170000929,3091.677632768008,120,36.880335055462254,36.83093084820919,121000,121,121000
56.83739660017747,56.83739660017747,56.83739660017747,0.0,1000.0,1000,1000,0.0,2.978305600291982,2.978305600291982,2.978305600291982,0.0,461.6327,97.712166,8.2679405,23.5927356220036,1.213353446000383,1.2920752650052236,3117.7852765970156,121,36.880335055462254,23.31961720613864,122000,122,122000
34.483028883850956,34.483028883850956,34.483028883850956,0.0,1000.0,1000,1000,0.0,1.8565372582201036,1.8565372582201036,1.8565372582201036,0.0,484.45795,115.80495,12.682333,22.921595467006682,1.2967956109996521,1.2514202009970177,3143.2654953480196,122,41.991713965191394,41.991713965191394,123000,123,123000
54.41480251425806,54.41480251425806,54.41480251425806,0.0,1000.0,1000,1000,0.0,2.8567406734030674,2.8567406734030674,2.8567406734030674,0.0,483.2819,102.403915,13.635268,23.10854625699676,1.3365721119998852,1.2556820849958967,3168.9767121370123,123,41.991713965191394,25.32201763943969,124000,124,124000
33.832298158980976,33.832298158980976,33.832298158980976,0.0,1000.0,1000,1000,0.0,1.8203358402391092,1.8203358402391092,1.8203358402391092,0.0,488.64612,116.49163,15.232276,23.14820137599918,1.099768325000241,1.2827203850033584,3194.5192954360155,124,41.991713965191394,41.004975569661994,125000,125,125000
47.378093929391866,47.378093929391866,47.378093929391866,0.0,1000.0,1000,1000,0.0,2.5133066933156516,2.5133066933156516,2.5133066933156516,0.0,484.37372,112.4523,11.333405,23.735867120001785,0.9984570659999008,1.308597265006938,3220.5727681040244,125,43.29916057529285,43.29916057529285,126000,126,126000
52.30930837581916,52.30930837581916,52.30930837581916,0.0,1000.0,1000,1000,0.0,2.7376651645266383,2.7376651645266383,2.7376651645266383,0.0,460.01367,109.581474,8.071374,22.84251506798455,1.3763082119999126,1.2487546049992488,3246.0499491500077,126,43.29916057529285,29.40387264906593,127000,127,127000
38.62906280863663,38.62906280863663,38.62906280863663,0.0,1000.0,1000,1000,0.0,2.0545456140285134,2.0545456140285134,2.0545456140285134,0.0,496.77612,122.0326,12.013228,22.956694243004677,1.3501089690003027,1.2678913520021524,3271.6361852740147,127,44.68636493591183,44.68636493591183,128000,128,128000
45.33586131544906,45.33586131544906,45.33586131544906,0.0,1000.0,1000,1000,0.0,2.3837495299846685,2.3837495299846685,2.3837495299846685,0.0,489.43988,112.93633,11.929401,23.092314236004768,0.9648293609998291,1.2636423980038671,3296.9674853740235,128,44.68636493591183,34.83724481177198,129000,129,129000
20.147414916583944,20.147414916583944,20.147414916583944,0.0,1000.0,1000,1000,0.0,1.1055335115869198,1.1055335115869198,1.1055335115869198,0.0,491.45325,102.56144,9.519199,23.149691717994756,1.6220022420002351,1.264341776996389,3323.016725371015,129,44.68636493591183,18.45846241266819,130000,130,130000
42.53373692663665,42.53373692663665,42.53373692663665,0.0,1000.0,1000,1000,0.0,2.241634248091007,2.241634248091007,2.241634248091007,0.0,517.01276,110.029396,14.73373,22.839928344991677,1.2366323159994863,1.2511329309973007,3348.3561133660032,130,44.68636493591183,31.978991568466018,131000,131,131000
48.354028730892466,48.354028730892466,48.354028730892466,0.0,1000.0,1000,1000,0.0,2.568956978698948,2.568956978698948,2.568956978698948,0.0,490.86978,117.75101,12.917078,22.752605919990856,1.3224380589999782,1.2440938359823122,3373.6873669089755,131,44.68636493591183,38.24468973350539,132000,132,132000
21.350651780842632,21.350651780842632,21.350651780842632,0.0,1000.0,1000,1000,0.0,1.1697854544135016,1.1697854544135016,1.1697854544135016,0.0,522.6437,114.486824,12.141011,22.974124260983444,1.0527281689992378,1.2549756690013965,3398.97922384696,132,44.68636493591183,20.756521573108724,133000,133,133000
15.68440464910053,15.68440464910053,15.68440464910053,0.0,1000.0,1000,1000,0.0,0.9178615454632855,0.9178615454632855,0.9178615454632855,0.0,525.7073,120.978264,15.250944,23.071978561985816,1.2413094040002761,1.2572722969916867,3424.559232860938,133,44.68636493591183,32.66314948742877,134000,134,134000
33.24328892127145,33.24328892127145,33.24328892127145,0.0,1000.0,1000,1000,0.0,1.7707179459108282,1.7707179459108282,1.7707179459108282,0.0,541.92505,141.86024,15.293613,23.795466764011508,0.8845067819993346,1.2909646580064873,3450.539733439956,134,44.68636493591183,26.042023711057773,135000,135,135000
10.682419354563788,10.682419354563788,10.682419354563788,0.0,1000.0,1000,1000,0.0,0.6832656566630211,0.6832656566630211,0.6832656566630211,0.0,524.5398,119.88069,12.129593,22.895657655030845,1.3049626330002866,1.2614388109896026,3476.015371172977,135,48.9739895524523,48.9739895524523,136000,136,136000
43.37878421311747,43.37878421311747,43.37878421311747,0.0,1000.0,1000,1000,0.0,2.281881032066178,2.281881032066178,2.281881032066178,0.0,538.5763,120.049866,13.07206,23.007772624006975,1.1081113869995534,1.2437710230215089,3501.386618051005,136,48.9739895524523,20.627932592460773,137000,137,137000
32.136048274060286,32.136048274060286,32.136048274060286,0.0,1000.0,1000,1000,0.0,1.7198161057581132,1.7198161057581132,1.7198161057581132,0.0,526.9292,133.11581,19.470127,23.013140337005098,1.2065162929993676,1.2665389040002992,3526.8859126060097,137,48.9739895524523,44.84873921016867,138000,138,138000
13.948211066591579,13.948211066591579,13.948211066591579,0.0,1000.0,1000,1000,0.0,0.8314684308141825,0.8314684308141825,0.8314684308141825,0.0,544.05347,128.9286,12.589245,22.978219372985222,1.1939030119992822,1.2724987940118808,3552.3434066740056,138,48.9739895524523,33.6997363657721,139000,139,139000
34.87697569494695,34.87697569494695,34.87697569494695,0.0,1000.0,1000,1000,0.0,1.8585593080516476,1.8585593080516476,1.8585593080516476,0.0,534.03906,127.74613,17.98263,23.010649726001247,1.1095926560001317,1.253935565001484,3577.7282209680097,139,48.9739895524523,36.567229242750045,140000,140,140000
32.69371404794912,32.69371404794912,32.69371404794912,0.0,1000.0,1000,1000,0.0,1.73872064034409,1.73872064034409,1.73872064034409,0.0,551.00934,128.68527,9.987407,23.047787299006814,1.3863236170000164,1.2527532179792615,3603.4259719259953,140,48.9739895524523,45.607922380038325,141000,141,141000
45.33426117688602,45.33426117688602,45.33426117688602,0.0,1000.0,1000,1000,0.0,2.3793257613702914,2.3793257613702914,2.3793257613702914,0.0,529.6597,112.85075,12.647841,22.91574648099504,1.3797044410002854,1.2629866240158663,3628.9985535420064,141,48.9739895524523,42.99963644217078,142000,142,142000
40.21270175361229,40.21270175361229,40.21270175361229,0.0,1000.0,1000,1000,0.0,2.1116132636401357,2.1116132636401357,2.1116132636401357,0.0,549.9232,137.6665,15.89295,22.91549331200622,1.4242617350000728,1.2489109250091133,3654.6016801190217,142,48.9739895524523,42.56619711671932,143000,143,143000
40.18861459662054,40.18861459662054,40.18861459662054,0.0,1000.0,1000,1000,0.0,2.119196927579766,2.119196927579766,2.119196927579766,0.0,551.60406,131.28078,10.873396,22.818438770990724,1.3698416209999777,1.2431489680211598,3680.0439138380334,143,48.9739895524523,38.78860579554852,144000,144,144000
32.91823856012725,32.91823856012725,32.91823856012725,0.0,1000.0,1000,1000,0.0,1.74283646946305,1.74283646946305,1.74283646946305,0.0,558.0118,128.8236,11.820975,22.910598795989245,1.2922574040003383,1.2564360880023742,3705.5134912400235,144,48.9739895524523,40.11481854945212,145000,145,145000
39.22529978118257,39.22529978118257,39.22529978118257,0.0,1000.0,1000,1000,0.0,2.0677125451675726,2.0677125451675726,2.0677125451675726,0.0,561.53894,126.50091,15.764318,23.403275238998503,1.0496502980004152,1.2781693169827122,3731.2544558780055,145,48.9739895524523,43.587346527248364,146000,146,146000
38.87466937332087,38.87466937332087,38.87466937332087,0.0,1000.0,1000,1000,0.0,2.0499518689233396,2.0499518689233396,2.0499518689233396,0.0,554.1921,127.97364,16.396313,22.80183745800423,0.9786889950000841,1.2487933629872714,3756.2933489599964,146,48.9739895524523,30.18942432827506,147000,147,147000
26.62658574161521,26.62658574161521,26.62658574161521,0.0,1000.0,1000,1000,0.0,1.4701146600513328,1.4701146600513328,1.4701146600513328,0.0,553.32117,124.4978,14.8899765,23.44164800800081,1.1751285899999857,1.2909016320081719,3782.2116235890035,147,48.9739895524523,25.385452216057182,148000,148,148000
8.472881576140475,8.472881576140475,8.472881576140475,0.0,1000.0,1000,1000,0.0,0.5304258172389413,0.5304258172389413,0.5304258172389413,0.0,566.0122,125.86264,27.758812,22.652086333002444,1.6501907430001665,1.2440645519818645,3807.7715651229882,148,48.9739895524523,25.102491426231573,149000,149,149000
37.38719860927615,37.38719860927615,37.38719860927615,0.0,1000.0,1000,1000,0.0,2.018265628355194,2.018265628355194,2.018265628355194,0.0,573.49805,136.1736,16.404858,22.939673285991375,1.191088636999666,1.2627199359958468,3833.178855163973,149,48.9739895524523,33.36495617875226,150000,150,150000
38.33182093065967,38.33182093065967,38.33182093065967,0.0,1000.0,1000,1000,0.0,2.0566776816876864,2.0566776816876864,2.0566776816876864,0.0,566.4779,139.69246,14.762596,22.93062126597306,1.0146637380003085,1.2638805019996653,3858.398104174945,150,48.9739895524523,43.07311281099933,151000,151,151000
46.16279139585285,46.16279139585285,46.16279139585285,0.0,1000.0,1000,1000,0.0,2.4392093173250657,2.4392093173250657,2.4392093173250657,0.0,586.4711,130.6426,15.575794,23.182256155000687,1.7554495509994013,1.2597272939865434,3884.612483454932,151,48.9739895524523,40.22973368822988,152000,152,152000
38.52547373815995,38.52547373815995,38.52547373815995,0.0,1000.0,1000,1000,0.0,2.067946205330825,2.067946205330825,2.067946205330825,0.0,580.0477,140.84563,11.05229,22.805931043988494,1.3523165529995822,1.241487721988051,3910.0245997619086,152,48.9739895524523,29.190986818097915,153000,153,153000
38.08516896296978,38.08516896296978,38.08516896296978,0.0,1000.0,1000,1000,0.0,2.0301007448507304,2.0301007448507304,2.0301007448507304,0.0,571.1135,130.08788,13.200895,23.270143201012615,1.320322767000107,1.2654880070222134,3935.894080891944,153,48.9739895524523,35.78108254044465,154000,154,154000
45.017307964073815,45.017307964073815,45.017307964073815,0.0,1000.0,1000,1000,0.0,2.3816710233205,2.3816710233205,2.3816710233205,0.0,588.8298,142.33531,11.321243,23.143112177980584,1.352232754000397,1.2652634599817247,3961.6676900139037,154,48.9739895524523,21.227921569133482,155000,155,155000
14.30965738146426,14.30965738146426,14.30965738146426,0.0,1000.0,1000,1000,0.0,0.8295514842874327,0.8295514842874327,0.8295514842874327,0.0,579.99005,123.85459,12.02446,22.94779110300078,1.4748363759999847,1.2598419270088925,3987.3643530609143,155,48.9739895524523,20.429759038057547,156000,156,156000
41.368385485863854,41.368385485863854,41.368385485863854,0.0,1000.0,1000,1000,0.0,2.2104759872002426,2.2104759872002426,2.2104759872002426,0.0,586.6417,132.09904,9.265375,22.79382029599128,0.8799283039998045,1.2436723980135866,4012.2920051519186,156,48.9739895524523,29.467163378752797,157000,157,157000
40.53019180288207,40.53019180288207,40.53019180288207,0.0,1000.0,1000,1000,0.0,2.1652922476098397,2.1652922476098397,2.1652922476098397,0.0,574.26855,152.67464,17.904373,23.738212226010546,1.0031481599999097,1.2987370929986355,4038.3416731569287,157,48.9739895524523,39.39942734631611,158000,158,158000
14.991685161517221,14.991685161517221,14.991685161517221,0.0,1000.0,1000,1000,0.0,0.8523889573703123,0.8523889573703123,0.8523889573703123,0.0,592.8639,146.38971,17.687124,23.525418644001547,1.25924001400017,1.2841097480104509,4064.42147111094,158,48.9739895524523,33.73075797788229,159000,159,159000
15.316319847373162,15.316319847373162,15.316319847373162,0.0,1000.0,1000,1000,0.0,0.8760161428140899,0.8760161428140899,0.8760161428140899,0.0,595.0314,134.05515,13.204836,23.306427273980262,0.8915441700000883,1.2730145470186471,4089.9027604809407,159,48.9739895524523,15.914030980454976,160000,160,160000
14.289791798802327,14.289791798802327,14.289791798802327,0.0,1000.0,1000,1000,0.0,0.8142630488683751,0.8142630488683751,0.8142630488683751,0.0,607.5528,145.19476,13.04443,23.13740719402631,1.407657021999512,1.2616410830032692,4115.72416806297,160,48.9739895524523,38.66473306920503,161000,161,161000
13.660314575947812,13.660314575947812,13.660314575947812,0.0,1000.0,1000,1000,0.0,0.7706237864777863,0.7706237864777863,0.7706237864777863,0.0,596.825,146.85464,10.010984,22.97370409398991,1.2378981959991506,1.255443898012345,4141.201187196972,161,48.9739895524523,12.795523261941426,162000,162,162000
9.529501658694528,9.529501658694528,9.529501658694528,0.0,1000.0,1000,1000,0.0,0.5587536646544741,0.5587536646544741,0.5587536646544741,0.0,600.10126,133.35121,9.646015,22.90663485899222,1.3012438910000128,1.2549941589850278,4166.676130257949,162,48.9739895524523,45.48379226849137,163000,163,163000
42.79951153356443,42.79951153356443,42.79951153356443,0.0,1000.0,1000,1000,0.0,2.256757062205208,2.256757062205208,2.256757062205208,0.0,622.1973,147.85211,12.299254,23.36626401600006,1.4118131019995417,1.2667301810033678,4192.733274080953,163,48.9739895524523,45.2959824074519,164000,164,164000
46.069853545802275,46.069853545802275,46.069853545802275,0.0,1000.0,1000,1000,0.0,2.4284835528388236,2.4284835528388236,2.4284835528388236,0.0,605.96716,143.15051,16.714897,23.295961634004016,1.3239248809995843,1.274805312998069,4218.638741002954,164,48.9739895524523,13.691391004563837,165000,165,165000
49.09259121269139,49.09259121269139,49.09259121269139,0.0,1000.0,1000,1000,0.0,2.5445517042367563,2.5445517042367563,2.5445517042367563,0.0,633.9176,124.44775,14.382491,22.98659215797852,1.0671834209997542,1.2557991099911305,4243.958009293925,165,63.21592940928375,63.21592940928375,166000,166,166000
16.772751895921694,16.772751895921694,16.772751895921694,0.0,1000.0,1000,1000,0.0,0.9331790221682523,0.9331790221682523,0.9331790221682523,0.0,640.0124,136.83298,19.658592,22.716150624991315,1.470216072999392,1.252169694006625,4269.410505460922,166,63.21592940928375,15.088481889538523,167000,167,167000
21.252343178208427,21.252343178208427,21.252343178208427,0.0,1000.0,1000,1000,0.0,1.1704449696542603,1.1704449696542603,1.1704449696542603,0.0,647.3517,157.6681,12.529654,22.605909595998128,1.3360944900005052,1.2384687960011433,4294.602264337922,167,63.21592940928375,56.5506040182233,168000,168,168000
61.19665631846383,61.19665631846383,61.19665631846383,0.0,1000.0,1000,1000,0.0,3.1936512999048166,3.1936512999048166,3.1936512999048166,0.0,615.3932,150.20181,25.884792,23.376713859008305,1.127113747000294,1.2807569990072807,4320.396681745937,168,63.21592940928375,59.72668670299169,169000,169,169000
25.99145838399583,25.99145838399583,25.99145838399583,0.0,1000.0,1000,1000,0.0,1.4178903759825874,1.4178903759825874,1.4178903759825874,0.0,624.7413,132.13048,21.608673,23.44634020000376,1.219428469000377,1.278875873992547,4346.352390829934,169,69.57388387805933,69.57388387805933,170000,170,170000
57.384098974245326,57.384098974245326,57.384098974245326,0.0,1000.0,1000,1000,0.0,2.995764747059733,2.995764747059733,2.995764747059733,0.0,620.34845,154.43346,18.39032,23.39078032499856,0.9575731610002549,1.282129598006577,4371.992558139937,170,71.85449284125889,71.85449284125889,171000,171,171000
64.93269020145911,64.93269020145911,64.93269020145911,0.0,1000.0,1000,1000,0.0,3.3708207456044197,3.3708207456044197,3.3708207456044197,0.0,634.2857,146.05388,14.047556,23.610013657992567,1.100440088999676,1.2895540070276184,4398.007600562958,171,71.85449284125889,61.62575680256573,172000,172,172000
53.38472065898682,53.38472065898682,53.38472065898682,0.0,1000.0,1000,1000,0.0,2.7866731456743055,2.7866731456743055,2.7866731456743055,0.0,643.42834,136.61473,20.318127,23.10306163002224,1.4333415199998853,1.25946821400521,4423.818848441985,172,71.85449284125889,50.15699244047009,173000,173,173000
75.52541634933628,75.52541634933628,75.52541634933628,0.0,1000.0,1000,1000,0.0,3.909702502714298,3.909702502714298,3.909702502714298,0.0,635.10156,124.427765,15.940789,24.25980588800394,1.104339391999929,1.296975024004496,4450.490108380992,173,71.85449284125889,25.946459550726185,174000,174,174000
65.61503091607446,65.61503091607446,65.61503091607446,0.0,1000.0,1000,1000,0.0,3.4108016917353243,3.4108016917353243,3.4108016917353243,0.0,629.261,131.76035,18.51551,24.826314528988405,1.158106625000073,1.342263142972115,4477.826618711953,174,71.85449284125889,65.8623484393013,175000,175,175000
73.96350166745304,73.96350166745304,73.96350166745304,0.0,1000.0,1000,1000,0.0,3.849625109159558,3.849625109159558,3.849625109159558,0.0,623.365,138.54272,21.033869,23.99921021199316,1.08098275500015,1.3073670479961947,4504.224022209943,175,71.85449284125889,5.7985279923703335,176000,176,176000
10.169185308694185,10.169185308694185,10.169185308694185,0.0,1000.0,1000,1000,0.0,0.5707371688302928,0.5707371688302928,0.5707371688302928,0.0,627.00024,122.8231,17.521238,23.805798709995543,1.197753795000608,1.2757410240228637,4530.513168226963,176,71.85449284125889,7.412929513155857,177000,177,177000
77.27992992430616,77.27992992430616,77.27992992430616,0.0,1000.0,1000,1000,0.0,4.007507978799363,4.007507978799363,4.007507978799363,0.0,641.7078,128.68486,26.5778,23.908403746024305,1.248962159000257,1.300036479998198,4556.980934813985,177,71.85449284125889,69.43791553691563,178000,178,178000
61.08905323503752,61.08905323503752,61.08905323503752,0.0,1000.0,1000,1000,0.0,3.172223043274347,3.172223043274347,3.172223043274347,0.0,642.64795,138.41359,11.945502,24.215958086011597,1.1595372029996724,1.2947479020194805,4583.661437008014,178,71.85449284125889,65.2090939462356,179000,179,179000
77.99098228575863,77.99098228575863,77.99098228575863,0.0,1000.0,1000,1000,0.0,4.0507584503625536,4.0507584503625536,4.0507584503625536,0.0,652.5823,137.14821,11.933997,23.67399996498807,1.3474355630005448,1.2980467359893737,4609.992487041992,179,71.85449284125889,71.7301878817785,180000,180,180000
79.16210150569418,79.16210150569418,79.16210150569418,0.0,1000.0,1000,1000,0.0,4.106496188820962,4.106496188820962,4.106496188820962,0.0,684.7584,144.3101,23.73937,23.74757679099457,0.9609847929996249,1.2911621600096623,4636.002088634996,180,71.85449284125889,64.60073520101152,181000,181,181000
77.96275881719703,77.96275881719703,77.96275881719703,0.0,1000.0,1000,1000,0.0,4.053578867371663,4.053578867371663,4.053578867371663,0.0,653.8075,159.16818,14.982355,24.25047850901865,1.0540134080001735,1.3258448639962808,4662.642374316013,181,82.36239594781017,82.36239594781017,182000,182,182000
63.65183689837168,63.65183689837168,63.65183689837168,0.0,1000.0,1000,1000,0.0,3.295226263629939,3.295226263629939,3.295226263629939,0.0,682.1185,143.76016,23.924467,23.688180840970745,1.0566515829996206,1.3011918280235477,4688.6991355230075,182,82.36239594781017,52.27802729646475,183000,183,183000
52.89669880451811,52.89669880451811,52.89669880451811,0.0,1000.0,1000,1000,0.0,2.751978180385192,2.751978180385192,2.751978180385192,0.0,680.22705,151.27121,15.748112,24.755944605023615,1.3474208030002046,1.2760274490110532,4716.090379400044,183,82.36239594781017,55.65252851233989,184000,184,184000
51.980116517355654,51.980116517355654,51.980116517355654,0.0,1000.0,1000,1000,0.0,2.7214160561797933,2.7214160561797933,2.7214160561797933,0.0,685.0782,141.07274,38.124146,23.474916826010485,0.9718953359997613,1.2809469629819432,4741.8279590180355,184,82.36239594781017,40.96775375933671,185000,185,185000
75.84706427904672,75.84706427904672,75.84706427904672,0.0,1000.0,1000,1000,0.0,3.942680792974024,3.942680792974024,3.942680792974024,0.0,659.8113,142.84917,9.055515,23.453463744991495,0.8882968890002303,1.2834403179913352,4767.462761971019,185,82.36239594781017,80.59377862681102,186000,186,186000
82.56079822312655,82.56079822312655,82.56079822312655,0.0,1000.0,1000,1000,0.0,4.250221464217407,4.250221464217407,4.250221464217407,0.0,679.49133,142.59015,17.84438,23.404890292987147,0.9709299770001962,1.2873519710055916,4793.135445648011,186,82.36239594781017,81.0924122637596,187000,187,187000
